case_id,v_index,cost,family_size
REQ-2026-091,33,285,2
REQ-2026-092,59,423,4
REQ-2026-093,55,954,4
REQ-2026-094,22,1231,2
REQ-2026-095,64,478,5
REQ-2026-096,76,377,5
REQ-2026-097,53,309,4
REQ-2026-098,83,1435,3
REQ-2026-099,75,404,4
REQ-2026-100,42,345,3
REQ-2026-101,55,384,4
REQ-2026-102,59,271,1
REQ-2026-103,48,443,5
REQ-2026-104,65,432,4
REQ-2026-105,87,631,7
REQ-2026-106,57,380,3
REQ-2026-107,43,1372,6
REQ-2026-108,67,532,6
REQ-2026-109,33,391,3
REQ-2026-110,62,381,5
REQ-2026-111,68,391,4
REQ-2026-112,38,693,8
REQ-2026-113,31,508,7
REQ-2026-114,21,411,6
REQ-2026-115,33,248,2
REQ-2026-116,68,297,3
REQ-2026-117,60,235,3
REQ-2026-118,39,442,4
REQ-2026-119,64,924,2
REQ-2026-120,88,532,7
REQ-2026-121,45,313,6
REQ-2026-122,58,229,1
REQ-2026-123,85,452,5
REQ-2026-124,64,279,3
REQ-2026-125,64,388,4
REQ-2026-126,48,323,3
REQ-2026-127,91,279,4
REQ-2026-128,66,413,7
REQ-2026-129,27,286,5
REQ-2026-130,63,340,2
REQ-2026-131,72,282,2
REQ-2026-132,41,167,1
REQ-2026-133,21,309,3
REQ-2026-134,60,341,3
REQ-2026-135,71,954,5
REQ-2026-136,21,478,6
REQ-2026-137,67,351,6
REQ-2026-138,48,1111,3
REQ-2026-139,46,374,4
REQ-2026-140,53,354,4
REQ-2026-141,75,581,7
REQ-2026-142,89,359,5
REQ-2026-143,100,303,4
REQ-2026-144,79,194,1
REQ-2026-145,61,218,1
REQ-2026-146,78,586,8
REQ-2026-147,42,370,4
REQ-2026-148,34,424,4
REQ-2026-149,81,394,5
REQ-2026-150,34,412,6